{
  "idUsuario": "usr_1a2b3c4d",
  "activo": true,
  "nombreCompleto": "Ana Sofía García",
  "fechaRegistro": "2025-07-02T10:00:00Z",
  "intereses": [
    "lectura",
    "senderismo",
    "fotografía"
  ],
  "perfil": {
    "edad": 29,
    "ciudad": "Ciudad de México",
    "descripcion": "Desarrolladora de software apasionada por la tecnología y los viajes.",
    "avatarUrl": "https://ejemplo.com/avatar/ana.jpg"
  },
  "historialPedidos": [
    {
      "idPedido": "ped_9y8x7w",
      "fecha": "2025-06-15T14:30:00Z",
      "total": 49.99,
      "items": [
        { "idProducto": "prod_book_01", "cantidad": 1 },
        { "idProducto": "prod_cam_02", "cantidad": 2 }
      ]
    },
    {
      "idPedido": "ped_6v5u4t",
      "fecha": "2025-06-28T18:00:00Z",
      "total": 120.50,
      "items": [
        { "idProducto": "prod_lens_03", "cantidad": 1 }
      ]
    }
  ],
  "ultimaConexion": null
}